Date,"Close Price"
"2018-01-10 00:00:00",14439.47
"2018-01-10 00:01:00",14461.02
"2018-01-10 00:02:00",14477.16
"2018-01-10 00:03:00",14480.36
"2018-01-10 00:04:00",14415.2
"2018-01-10 00:05:00",14395.67
"2018-01-10 00:06:00",14386.06
"2018-01-10 00:07:00",14354.82
"2018-01-10 00:08:00",14357.54
"2018-01-10 00:09:00",14343.59
"2018-01-10 00:10:00",14344.31
"2018-01-10 00:11:00",14373.73
"2018-01-10 00:12:00",14353
"2018-01-10 00:13:00",14368.41
"2018-01-10 00:14:00",14373.77
"2018-01-10 00:15:00",14333.79
"2018-01-10 00:16:00",14309.64
"2018-01-10 00:17:00",14262.17
"2018-01-10 00:18:00",14266.12
"2018-01-10 00:19:00",14218.3
"2018-01-10 00:20:00",14173.04
"2018-01-10 00:21:00",14126.54
"2018-01-10 00:22:00",14073.08
"2018-01-10 00:23:00",14020.13
"2018-01-10 00:24:00",13991.82
"2018-01-10 00:25:00",14041.96
"2018-01-10 00:26:00",14074.89
"2018-01-10 00:27:00",13990.75
"2018-01-10 00:28:00",13968.24
"2018-01-10 00:29:00",13981.6
"2018-01-10 00:30:00",14042.06
"2018-01-10 00:31:00",14105.88
"2018-01-10 00:32:00",14145.86
"2018-01-10 00:33:00",14151.24
"2018-01-10 00:34:00",14081.58
"2018-01-10 00:35:00",14105.74
"2018-01-10 00:36:00",14099.88
"2018-01-10 00:37:00",14103.19
"2018-01-10 00:38:00",14122.89
"2018-01-10 00:39:00",14132.06
"2018-01-10 00:40:00",14130.84
"2018-01-10 00:41:00",14127.11
"2018-01-10 00:42:00",14103
"2018-01-10 00:43:00",14079.26
"2018-01-10 00:44:00",14072.35
"2018-01-10 00:45:00",14051.17
"2018-01-10 00:46:00",14008
"2018-01-10 00:47:00",14024.64
"2018-01-10 00:48:00",14052.48
"2018-01-10 00:49:00",14043.01
"2018-01-10 00:50:00",14033.14
"2018-01-10 00:51:00",14013.78
"2018-01-10 00:52:00",14004.94
"2018-01-10 00:53:00",14040.06
"2018-01-10 00:54:00",14100.5
"2018-01-10 00:55:00",14092.33
"2018-01-10 00:56:00",14063.36
"2018-01-10 00:57:00",14070.51
"2018-01-10 00:58:00",14055.69
"2018-01-10 00:59:00",14073.16
"2018-01-10 01:00:00",14093.66
"2018-01-10 01:01:00",14075.21
"2018-01-10 01:02:00",14083.89
"2018-01-10 01:03:00",14090.01
"2018-01-10 01:04:00",14106.12
"2018-01-10 01:05:00",14145.6
"2018-01-10 01:06:00",14147.01
"2018-01-10 01:07:00",14141.73
"2018-01-10 01:08:00",14168.37
"2018-01-10 01:09:00",14188.55
"2018-01-10 01:10:00",14202.06
"2018-01-10 01:11:00",14220.17
"2018-01-10 01:12:00",14238.49
"2018-01-10 01:13:00",14262.77
"2018-01-10 01:14:00",14242.31
"2018-01-10 01:15:00",14237.22
"2018-01-10 01:16:00",14247.26
"2018-01-10 01:17:00",14215.68
"2018-01-10 01:18:00",14233.34
"2018-01-10 01:19:00",14259.8
"2018-01-10 01:20:00",14274.81
"2018-01-10 01:21:00",14292.55
"2018-01-10 01:22:00",14307.99
"2018-01-10 01:23:00",14306.12
"2018-01-10 01:24:00",14265.96
"2018-01-10 01:25:00",14253.94
"2018-01-10 01:26:00",14257.67
"2018-01-10 01:27:00",14261.74
"2018-01-10 01:28:00",14259.67
"2018-01-10 01:29:00",14244.3
"2018-01-10 01:30:00",14224.7
"2018-01-10 01:31:00",14195.78
"2018-01-10 01:32:00",14182.04
"2018-01-10 01:33:00",14177.55
"2018-01-10 01:34:00",14181.65
"2018-01-10 01:35:00",14196.41
"2018-01-10 01:36:00",14214.51
"2018-01-10 01:37:00",14210.94
"2018-01-10 01:38:00",14204.9
"2018-01-10 01:39:00",14181.13
"2018-01-10 01:40:00",14128.56
"2018-01-10 01:41:00",14083.81
"2018-01-10 01:42:00",14099.29
"2018-01-10 01:43:00",14088.6
"2018-01-10 01:44:00",14109.39
"2018-01-10 01:45:00",14121.15
"2018-01-10 01:46:00",14125.93
"2018-01-10 01:47:00",14114.96
"2018-01-10 01:48:00",14110.34
"2018-01-10 01:49:00",14119.11
"2018-01-10 01:50:00",14168.55
"2018-01-10 01:51:00",14207.41
"2018-01-10 01:52:00",14191.27
"2018-01-10 01:53:00",14168.83
"2018-01-10 01:54:00",14142.99
"2018-01-10 01:55:00",14140.45
"2018-01-10 01:56:00",14174.16
"2018-01-10 01:57:00",14176.59
"2018-01-10 01:58:00",14179.72
"2018-01-10 01:59:00",14193.43
"2018-01-10 02:00:00",14166.45
"2018-01-10 02:01:00",14187.53
"2018-01-10 02:02:00",14197.57
"2018-01-10 02:03:00",14182.86
"2018-01-10 02:04:00",14223.65
"2018-01-10 02:05:00",14231.65
"2018-01-10 02:06:00",14231.67
"2018-01-10 02:07:00",14228.03
"2018-01-10 02:08:00",14230.12
"2018-01-10 02:09:00",14232.69
"2018-01-10 02:10:00",14253.71
"2018-01-10 02:11:00",14253.4
"2018-01-10 02:12:00",14252.42
"2018-01-10 02:13:00",14247.91
"2018-01-10 02:14:00",14252.9
"2018-01-10 02:15:00",14272.15
"2018-01-10 02:16:00",14289.47
"2018-01-10 02:17:00",14284.77
"2018-01-10 02:18:00",14289.54
"2018-01-10 02:19:00",14289.16
"2018-01-10 02:20:00",14280.63
"2018-01-10 02:21:00",14248.71
"2018-01-10 02:22:00",14240.67
"2018-01-10 02:23:00",14261.83
"2018-01-10 02:24:00",14258.39
"2018-01-10 02:25:00",14257.59
"2018-01-10 02:26:00",14260.62
"2018-01-10 02:27:00",14263.35
"2018-01-10 02:28:00",14263.48
"2018-01-10 02:29:00",14266.5
"2018-01-10 02:30:00",14262.49
"2018-01-10 02:31:00",14255.49
"2018-01-10 02:32:00",14244.82
"2018-01-10 02:33:00",14245.63
"2018-01-10 02:34:00",14246.91
"2018-01-10 02:35:00",14246.39
"2018-01-10 02:36:00",14234.08
"2018-01-10 02:37:00",14240.77
"2018-01-10 02:38:00",14225.6
"2018-01-10 02:39:00",14200.6
"2018-01-10 02:40:00",14197.07
"2018-01-10 02:41:00",14233.89
"2018-01-10 02:42:00",14224.47
"2018-01-10 02:43:00",14181.42
"2018-01-10 02:44:00",14150.65
"2018-01-10 02:45:00",14173.39
"2018-01-10 02:46:00",14204.11
"2018-01-10 02:47:00",14207.9
"2018-01-10 02:48:00",14222.41
"2018-01-10 02:49:00",14229.03
"2018-01-10 02:50:00",14213.54
"2018-01-10 02:51:00",14234.64
"2018-01-10 02:52:00",14250.25
"2018-01-10 02:53:00",14264.04
"2018-01-10 02:54:00",14274.24
"2018-01-10 02:55:00",14269.52
"2018-01-10 02:56:00",14271.62
"2018-01-10 02:57:00",14278.23
"2018-01-10 02:58:00",14269.28
"2018-01-10 02:59:00",14290.4
"2018-01-10 03:00:00",14283.47
"2018-01-10 03:01:00",14287.66
"2018-01-10 03:02:00",14276.84
"2018-01-10 03:03:00",14273.07
"2018-01-10 03:04:00",14283.73
"2018-01-10 03:05:00",14304.95
"2018-01-10 03:06:00",14281.93
"2018-01-10 03:07:00",14317.04
"2018-01-10 03:08:00",14336.93
"2018-01-10 03:09:00",14343.29
"2018-01-10 03:10:00",14341.37
"2018-01-10 03:11:00",14338.9
"2018-01-10 03:12:00",14324.88
"2018-01-10 03:13:00",14301.09
"2018-01-10 03:14:00",14304.89
"2018-01-10 03:15:00",14314.6
"2018-01-10 03:16:00",14322.11
"2018-01-10 03:17:00",14323.65
"2018-01-10 03:18:00",14319.05
"2018-01-10 03:19:00",14315.2
"2018-01-10 03:20:00",14299.95
"2018-01-10 03:21:00",14297.36
"2018-01-10 03:22:00",14301.95
"2018-01-10 03:23:00",14312.63
"2018-01-10 03:24:00",14300.26
"2018-01-10 03:25:00",14301.99
"2018-01-10 03:26:00",14303.69
"2018-01-10 03:27:00",14297.3
"2018-01-10 03:28:00",14289.27
"2018-01-10 03:29:00",14286.57
"2018-01-10 03:30:00",14284.08
"2018-01-10 03:31:00",14271.46
"2018-01-10 03:32:00",14252.36
"2018-01-10 03:33:00",14234.07
"2018-01-10 03:34:00",14227.34
"2018-01-10 03:35:00",14257.6
"2018-01-10 03:36:00",14237.7
"2018-01-10 03:37:00",14245.41
"2018-01-10 03:38:00",14251.18
"2018-01-10 03:39:00",14266.77
"2018-01-10 03:40:00",14293.04
"2018-01-10 03:41:00",14316.97
"2018-01-10 03:42:00",14326.67
"2018-01-10 03:43:00",14317.38
"2018-01-10 03:44:00",14290.67
"2018-01-10 03:45:00",14283.3
"2018-01-10 03:46:00",14278.71
"2018-01-10 03:47:00",14261.93
"2018-01-10 03:48:00",14273.33
"2018-01-10 03:49:00",14247.65
"2018-01-10 03:50:00",14205.67
"2018-01-10 03:51:00",14185.24
"2018-01-10 03:52:00",14178.78
"2018-01-10 03:53:00",14185.39
"2018-01-10 03:54:00",14160.11
"2018-01-10 03:55:00",14124.93
"2018-01-10 03:56:00",14100.25
"2018-01-10 03:57:00",14121.59
"2018-01-10 03:58:00",14157.74
"2018-01-10 03:59:00",14139.18
"2018-01-10 04:00:00",14122.82
"2018-01-10 04:01:00",14120.02
"2018-01-10 04:02:00",14101.07
"2018-01-10 04:03:00",14067.48
"2018-01-10 04:04:00",14071.84
"2018-01-10 04:05:00",14096.36
"2018-01-10 04:06:00",14122.79
"2018-01-10 04:07:00",14130.96
"2018-01-10 04:08:00",14149.85
"2018-01-10 04:09:00",14157.67
"2018-01-10 04:10:00",14142.68
"2018-01-10 04:11:00",14119.22
"2018-01-10 04:12:00",14119.12
"2018-01-10 04:13:00",14119.69
"2018-01-10 04:14:00",14117.92
"2018-01-10 04:15:00",14117.19
"2018-01-10 04:16:00",14117.41
"2018-01-10 04:17:00",14120.07
"2018-01-10 04:18:00",14123.19
"2018-01-10 04:19:00",14138.37
"2018-01-10 04:20:00",14146.6
"2018-01-10 04:21:00",14165.44
"2018-01-10 04:22:00",14168.22
"2018-01-10 04:23:00",14170.79
"2018-01-10 04:24:00",14164.86
"2018-01-10 04:25:00",14161.91
"2018-01-10 04:26:00",14176.08
"2018-01-10 04:27:00",14185.64
"2018-01-10 04:28:00",14200.51
"2018-01-10 04:29:00",14198.49
"2018-01-10 04:30:00",14203.95
"2018-01-10 04:31:00",14209.32
"2018-01-10 04:32:00",14227.9
"2018-01-10 04:33:00",14224.88
"2018-01-10 04:34:00",14208.25
"2018-01-10 04:35:00",14213.01
"2018-01-10 04:36:00",14215.06
"2018-01-10 04:37:00",14219.56
"2018-01-10 04:38:00",14240.39
"2018-01-10 04:39:00",14254.81
"2018-01-10 04:40:00",14258.45
"2018-01-10 04:41:00",14306.59
"2018-01-10 04:42:00",14330.79
"2018-01-10 04:43:00",14343.01
"2018-01-10 04:44:00",14330.36
"2018-01-10 04:45:00",14332.74
"2018-01-10 04:46:00",14326.41
"2018-01-10 04:47:00",14316.55
"2018-01-10 04:48:00",14306.19
"2018-01-10 04:49:00",14288.51
"2018-01-10 04:50:00",14269.42
"2018-01-10 04:51:00",14288.2
"2018-01-10 04:52:00",14301.59
"2018-01-10 04:53:00",14296.99
"2018-01-10 04:54:00",14314.99
"2018-01-10 04:55:00",14332.34
"2018-01-10 04:56:00",14361.63
"2018-01-10 04:57:00",14381.14
"2018-01-10 04:58:00",14382
"2018-01-10 04:59:00",14374.32
"2018-01-10 05:00:00",14361.51
"2018-01-10 05:01:00",14323.45
"2018-01-10 05:02:00",14299.2
"2018-01-10 05:03:00",14289.45
"2018-01-10 05:04:00",14288.82
"2018-01-10 05:05:00",14268.03
"2018-01-10 05:06:00",14268.58
"2018-01-10 05:07:00",14261.55
"2018-01-10 05:08:00",14250.54
"2018-01-10 05:09:00",14241.24
"2018-01-10 05:10:00",14247
"2018-01-10 05:11:00",14244.02
"2018-01-10 05:12:00",14231.15
"2018-01-10 05:13:00",14225.42
"2018-01-10 05:14:00",14209.6
"2018-01-10 05:15:00",14197.5
"2018-01-10 05:16:00",14218.45
"2018-01-10 05:17:00",14219.48
"2018-01-10 05:18:00",14215.67
"2018-01-10 05:19:00",14209.81
"2018-01-10 05:20:00",14199.95
"2018-01-10 05:21:00",14188.16
"2018-01-10 05:22:00",14181.2
"2018-01-10 05:23:00",14161.32
"2018-01-10 05:24:00",14136.69
"2018-01-10 05:25:00",14148.61
"2018-01-10 05:26:00",14156.07
"2018-01-10 05:27:00",14155.99
"2018-01-10 05:28:00",14150.37
"2018-01-10 05:29:00",14129.05
"2018-01-10 05:30:00",14145.85
"2018-01-10 05:31:00",14140.54
"2018-01-10 05:32:00",14130.81
"2018-01-10 05:33:00",14130.88
"2018-01-10 05:34:00",14135.96
"2018-01-10 05:35:00",14142.19
"2018-01-10 05:36:00",14198.92
"2018-01-10 05:37:00",14202.5
"2018-01-10 05:38:00",14203.15
"2018-01-10 05:39:00",14213.74
"2018-01-10 05:40:00",14216.56
"2018-01-10 05:41:00",14180.52
"2018-01-10 05:42:00",14165.56
"2018-01-10 05:43:00",14160.58
"2018-01-10 05:44:00",14139.34
"2018-01-10 05:45:00",14119.87
"2018-01-10 05:46:00",14088.99
"2018-01-10 05:47:00",14080.66
"2018-01-10 05:48:00",14120.3
"2018-01-10 05:49:00",14127.37
"2018-01-10 05:50:00",14197.69
"2018-01-10 05:51:00",14183.46
"2018-01-10 05:52:00",14155.64
"2018-01-10 05:53:00",14116.65
"2018-01-10 05:54:00",14124.49
"2018-01-10 05:55:00",14150.22
"2018-01-10 05:56:00",14160.52
"2018-01-10 05:57:00",14161.67
"2018-01-10 05:58:00",14186.81
"2018-01-10 05:59:00",14182.03
"2018-01-10 06:00:00",14181.34
"2018-01-10 06:01:00",14179.81
"2018-01-10 06:02:00",14161.15
"2018-01-10 06:03:00",14132.2
"2018-01-10 06:04:00",14126.45
"2018-01-10 06:05:00",14135.58
"2018-01-10 06:06:00",14139.5
"2018-01-10 06:07:00",14167.55
"2018-01-10 06:08:00",14174.84
"2018-01-10 06:09:00",14167.12
"2018-01-10 06:10:00",14189.67
"2018-01-10 06:11:00",14241.07
"2018-01-10 06:12:00",14278.16
"2018-01-10 06:13:00",14281.95
"2018-01-10 06:14:00",14293.12
"2018-01-10 06:15:00",14309.83
"2018-01-10 06:16:00",14308.32
"2018-01-10 06:17:00",14301.54
"2018-01-10 06:18:00",14303.86
"2018-01-10 06:19:00",14297.27
"2018-01-10 06:20:00",14272.53
"2018-01-10 06:21:00",14261.27
"2018-01-10 06:22:00",14237.99
"2018-01-10 06:23:00",14245.79
"2018-01-10 06:24:00",14238.1
"2018-01-10 06:25:00",14231.26
"2018-01-10 06:26:00",14241.01
"2018-01-10 06:27:00",14242.67
"2018-01-10 06:28:00",14272.02
"2018-01-10 06:29:00",14254.91
"2018-01-10 06:30:00",14241.54
"2018-01-10 06:31:00",14238.21
"2018-01-10 06:32:00",14256.65
"2018-01-10 06:33:00",14257.53
"2018-01-10 06:34:00",14258.58
"2018-01-10 06:35:00",14260.79
"2018-01-10 06:36:00",14254.97
"2018-01-10 06:37:00",14254.91
"2018-01-10 06:38:00",14264.66
"2018-01-10 06:39:00",14262.69
"2018-01-10 06:40:00",14258.6
"2018-01-10 06:41:00",14260.06
"2018-01-10 06:42:00",14252.6
"2018-01-10 06:43:00",14236.55
"2018-01-10 06:44:00",14211.46
"2018-01-10 06:45:00",14208.51
"2018-01-10 06:46:00",14228.53
"2018-01-10 06:47:00",14243.33
"2018-01-10 06:48:00",14232.95
"2018-01-10 06:49:00",14238.39
"2018-01-10 06:50:00",14227.44
"2018-01-10 06:51:00",14218.73
"2018-01-10 06:52:00",14231.95
"2018-01-10 06:53:00",14199.52
"2018-01-10 06:54:00",14163.51
"2018-01-10 06:55:00",14172.24
"2018-01-10 06:56:00",14184.78
"2018-01-10 06:57:00",14192.3
"2018-01-10 06:58:00",14230.84
"2018-01-10 06:59:00",14240.25
"2018-01-10 07:00:00",14258.07
"2018-01-10 07:01:00",14245.73
"2018-01-10 07:02:00",14253.02
"2018-01-10 07:03:00",14258.1
"2018-01-10 07:04:00",14261.98
"2018-01-10 07:05:00",14243.78
"2018-01-10 07:06:00",14228.3
"2018-01-10 07:07:00",14223.9
"2018-01-10 07:08:00",14188.34
"2018-01-10 07:09:00",14199.53
"2018-01-10 07:10:00",14205.29
"2018-01-10 07:11:00",14196.73
"2018-01-10 07:12:00",14192.08
"2018-01-10 07:13:00",14185.77
"2018-01-10 07:14:00",14175.5
"2018-01-10 07:15:00",14148.44
"2018-01-10 07:16:00",14140.14
"2018-01-10 07:17:00",14153.85
"2018-01-10 07:18:00",14165.09
"2018-01-10 07:19:00",14153.1
"2018-01-10 07:20:00",14120.15
"2018-01-10 07:21:00",14094.66
"2018-01-10 07:22:00",14081.13
"2018-01-10 07:23:00",14073.34
"2018-01-10 07:24:00",14077.98
"2018-01-10 07:25:00",14088.54
"2018-01-10 07:26:00",14096
"2018-01-10 07:27:00",14101.07
"2018-01-10 07:28:00",14111.22
"2018-01-10 07:29:00",14123.62
"2018-01-10 07:30:00",14125.78
"2018-01-10 07:31:00",14118.48
"2018-01-10 07:32:00",14145.45
"2018-01-10 07:33:00",14164.02
"2018-01-10 07:34:00",14158.46
"2018-01-10 07:35:00",14173.21
"2018-01-10 07:36:00",14193.46
"2018-01-10 07:37:00",14216.15
"2018-01-10 07:38:00",14223.47
"2018-01-10 07:39:00",14232.59
"2018-01-10 07:40:00",14250.91
"2018-01-10 07:41:00",14255.39
"2018-01-10 07:42:00",14242.99
"2018-01-10 07:43:00",14229.64
"2018-01-10 07:44:00",14228.13
"2018-01-10 07:45:00",14220.27
"2018-01-10 07:46:00",14197.12
"2018-01-10 07:47:00",14167.18
"2018-01-10 07:48:00",14155.35
"2018-01-10 07:49:00",14159.76
"2018-01-10 07:50:00",14154.68
"2018-01-10 07:51:00",14171.43
"2018-01-10 07:52:00",14158.01
"2018-01-10 07:53:00",14147.97
"2018-01-10 07:54:00",14148.65
"2018-01-10 07:55:00",14139.83
"2018-01-10 07:56:00",14117.48
"2018-01-10 07:57:00",14131.62
"2018-01-10 07:58:00",14109.41
"2018-01-10 07:59:00",14115.24
"2018-01-10 08:00:00",14109.07
"2018-01-10 08:01:00",14109.93
"2018-01-10 08:02:00",14079.55
"2018-01-10 08:03:00",14024.89
"2018-01-10 08:04:00",13959.43
"2018-01-10 08:05:00",13936.97
"2018-01-10 08:06:00",13911.08
"2018-01-10 08:07:00",13872.41
"2018-01-10 08:08:00",13863.36
"2018-01-10 08:09:00",13816.61
"2018-01-10 08:10:00",13814.49
"2018-01-10 08:11:00",13819.99
"2018-01-10 08:12:00",13849.86
"2018-01-10 08:13:00",13847.65
"2018-01-10 08:14:00",13850.38
"2018-01-10 08:15:00",13837
"2018-01-10 08:16:00",13820.27
"2018-01-10 08:17:00",13747.71
"2018-01-10 08:18:00",13697.37
"2018-01-10 08:19:00",13664.8
"2018-01-10 08:20:00",13620.77
"2018-01-10 08:21:00",13659.48
"2018-01-10 08:22:00",13677.38
"2018-01-10 08:23:00",13652.11
"2018-01-10 08:24:00",13590.37
"2018-01-10 08:25:00",13540.36
"2018-01-10 08:26:00",13543.6
"2018-01-10 08:27:00",13600.22
"2018-01-10 08:28:00",13670.61
"2018-01-10 08:29:00",13619.05
"2018-01-10 08:30:00",13574.32
"2018-01-10 08:31:00",13552.21
"2018-01-10 08:32:00",13587.84
"2018-01-10 08:33:00",13582.34
"2018-01-10 08:34:00",13587.41
"2018-01-10 08:35:00",13654.95
"2018-01-10 08:36:00",13667.88
"2018-01-10 08:37:00",13680.05
"2018-01-10 08:38:00",13696.09
"2018-01-10 08:39:00",13683.99
"2018-01-10 08:40:00",13690.32
"2018-01-10 08:41:00",13652.44
"2018-01-10 08:42:00",13612.37
"2018-01-10 08:43:00",13676.55
"2018-01-10 08:44:00",13700.78
"2018-01-10 08:45:00",13684.15
"2018-01-10 08:46:00",13647.67
"2018-01-10 08:47:00",13623.06
"2018-01-10 08:48:00",13627.93
"2018-01-10 08:49:00",13600.75
"2018-01-10 08:50:00",13591.13
"2018-01-10 08:51:00",13597.39
"2018-01-10 08:52:00",13583.29
"2018-01-10 08:53:00",13545.96
"2018-01-10 08:54:00",13493.64
"2018-01-10 08:55:00",13478.42
"2018-01-10 08:56:00",13464.46
"2018-01-10 08:57:00",13462.05
"2018-01-10 08:58:00",13489.46
"2018-01-10 08:59:00",13500.39
"2018-01-10 09:00:00",13478.56
"2018-01-10 09:01:00",13479.53
"2018-01-10 09:02:00",13471.76
"2018-01-10 09:03:00",13455.7
"2018-01-10 09:04:00",13479.49
"2018-01-10 09:05:00",13535.3
"2018-01-10 09:06:00",13570.72
"2018-01-10 09:07:00",13600.16
"2018-01-10 09:08:00",13588.96
"2018-01-10 09:09:00",13566.68
"2018-01-10 09:10:00",13586.49
"2018-01-10 09:11:00",13607.1
"2018-01-10 09:12:00",13607.74
"2018-01-10 09:13:00",13634.93
"2018-01-10 09:14:00",13644.23
"2018-01-10 09:15:00",13631.44
"2018-01-10 09:16:00",13606.01
"2018-01-10 09:17:00",13619.25
"2018-01-10 09:18:00",13638.28
"2018-01-10 09:19:00",13661.48
"2018-01-10 09:20:00",13660.69
"2018-01-10 09:21:00",13666.49
"2018-01-10 09:22:00",13647.62
"2018-01-10 09:23:00",13672.59
"2018-01-10 09:24:00",13692.18
"2018-01-10 09:25:00",13691.78
"2018-01-10 09:26:00",13674.63
"2018-01-10 09:27:00",13690.23
"2018-01-10 09:28:00",13686.38
"2018-01-10 09:29:00",13693.34
"2018-01-10 09:30:00",13698.54
"2018-01-10 09:31:00",13710.44
"2018-01-10 09:32:00",13708.34
"2018-01-10 09:33:00",13687.38
"2018-01-10 09:34:00",13643.09
"2018-01-10 09:35:00",13626.93
"2018-01-10 09:36:00",13660.75
"2018-01-10 09:37:00",13696.47
"2018-01-10 09:38:00",13780.34
"2018-01-10 09:39:00",13811.32
"2018-01-10 09:40:00",13815.76
"2018-01-10 09:41:00",13801.77
"2018-01-10 09:42:00",13828.22
"2018-01-10 09:43:00",13841.46
"2018-01-10 09:44:00",13880.08
"2018-01-10 09:45:00",13856.9
"2018-01-10 09:46:00",13843.78
"2018-01-10 09:47:00",13822.09
"2018-01-10 09:48:00",13830.08
"2018-01-10 09:49:00",13804.84
"2018-01-10 09:50:00",13848.26
"2018-01-10 09:51:00",13821.3
"2018-01-10 09:52:00",13836.35
"2018-01-10 09:53:00",13852.56
"2018-01-10 09:54:00",13835.73
"2018-01-10 09:55:00",13826.49
"2018-01-10 09:56:00",13761.83
"2018-01-10 09:57:00",13750.69
"2018-01-10 09:58:00",13800.68
"2018-01-10 09:59:00",13790.67
"2018-01-10 10:00:00",13808.51
"2018-01-10 10:01:00",13841.32
"2018-01-10 10:02:00",13838.73
"2018-01-10 10:03:00",13858.83
"2018-01-10 10:04:00",13868.47
"2018-01-10 10:05:00",13885.49
"2018-01-10 10:06:00",13902.64
"2018-01-10 10:07:00",13910.51
"2018-01-10 10:08:00",13882.71
"2018-01-10 10:09:00",13878.9
"2018-01-10 10:10:00",13870.67
"2018-01-10 10:11:00",13870.09
"2018-01-10 10:12:00",13900.1
"2018-01-10 10:13:00",13891.89
"2018-01-10 10:14:00",13879.02
"2018-01-10 10:15:00",13859.91
"2018-01-10 10:16:00",13835.74
"2018-01-10 10:17:00",13845.45
"2018-01-10 10:18:00",13856.9
"2018-01-10 10:19:00",13826.99
"2018-01-10 10:20:00",13833.76
"2018-01-10 10:21:00",13836.59
"2018-01-10 10:22:00",13843.22
"2018-01-10 10:23:00",13824.05
"2018-01-10 10:24:00",13803.39
"2018-01-10 10:25:00",13809.35
"2018-01-10 10:26:00",13823.32
"2018-01-10 10:27:00",13823.05
"2018-01-10 10:28:00",13787.74
"2018-01-10 10:29:00",13786.4
"2018-01-10 10:30:00",13770.71
"2018-01-10 10:31:00",13770.89
"2018-01-10 10:32:00",13761.38
"2018-01-10 10:33:00",13782.99
"2018-01-10 10:34:00",13803.65
"2018-01-10 10:35:00",13825.85
"2018-01-10 10:36:00",13843.73
"2018-01-10 10:37:00",13838.78
"2018-01-10 10:38:00",13807.92
"2018-01-10 10:39:00",13818.24
"2018-01-10 10:40:00",13834.84
"2018-01-10 10:41:00",13834
"2018-01-10 10:42:00",13840.57
"2018-01-10 10:43:00",13864.63
"2018-01-10 10:44:00",13866.75
"2018-01-10 10:45:00",13888.24
"2018-01-10 10:46:00",13892.49
"2018-01-10 10:47:00",13875.3
"2018-01-10 10:48:00",13879.02
"2018-01-10 10:49:00",13882.09
"2018-01-10 10:50:00",13881.14
"2018-01-10 10:51:00",13882.61
"2018-01-10 10:52:00",13887.55
"2018-01-10 10:53:00",13890.22
"2018-01-10 10:54:00",13866.76
"2018-01-10 10:55:00",13838.51
"2018-01-10 10:56:00",13858.85
"2018-01-10 10:57:00",13868.27
"2018-01-10 10:58:00",13864.4
"2018-01-10 10:59:00",13862.86
"2018-01-10 11:00:00",13851.27
"2018-01-10 11:01:00",13848.6
"2018-01-10 11:02:00",13824.11
"2018-01-10 11:03:00",13822.74
"2018-01-10 11:04:00",13829.84
"2018-01-10 11:05:00",13840.23
"2018-01-10 11:06:00",13818.46
"2018-01-10 11:07:00",13799.55
"2018-01-10 11:08:00",13804.19
"2018-01-10 11:09:00",13830.05
"2018-01-10 11:10:00",13852.41
"2018-01-10 11:11:00",13856.26
"2018-01-10 11:12:00",13833.14
"2018-01-10 11:13:00",13820.88
"2018-01-10 11:14:00",13821.05
"2018-01-10 11:15:00",13826.58
"2018-01-10 11:16:00",13842.39
"2018-01-10 11:17:00",13852.19
"2018-01-10 11:18:00",13843.07
"2018-01-10 11:19:00",13863.6
"2018-01-10 11:20:00",13862.33
"2018-01-10 11:21:00",13863.01
"2018-01-10 11:22:00",13894.5
"2018-01-10 11:23:00",13888.18
"2018-01-10 11:24:00",13890.58
"2018-01-10 11:25:00",13884.5
"2018-01-10 11:26:00",13872.02
"2018-01-10 11:27:00",13879.25
"2018-01-10 11:28:00",13894.83
"2018-01-10 11:29:00",13895.19
"2018-01-10 11:30:00",13918.33
"2018-01-10 11:31:00",13959.13
"2018-01-10 11:32:00",13990.56
"2018-01-10 11:33:00",14000.67
"2018-01-10 11:34:00",14012.86
"2018-01-10 11:35:00",14043.41
"2018-01-10 11:36:00",14079.64
"2018-01-10 11:37:00",14063.14
"2018-01-10 11:38:00",14035.74
"2018-01-10 11:39:00",14048.72
"2018-01-10 11:40:00",14088.23
"2018-01-10 11:41:00",14092.28
"2018-01-10 11:42:00",14081.51
"2018-01-10 11:43:00",14067.33
"2018-01-10 11:44:00",14062.91
"2018-01-10 11:45:00",14044.75
"2018-01-10 11:46:00",14044.44
"2018-01-10 11:47:00",14042.9
"2018-01-10 11:48:00",14022.39
"2018-01-10 11:49:00",14013.7
"2018-01-10 11:50:00",14035.36
"2018-01-10 11:51:00",14048
"2018-01-10 11:52:00",14051.58
"2018-01-10 11:53:00",14031.68
"2018-01-10 11:54:00",14032.31
"2018-01-10 11:55:00",14018.79
"2018-01-10 11:56:00",14028.35
"2018-01-10 11:57:00",14068.1
"2018-01-10 11:58:00",14076.27
"2018-01-10 11:59:00",14073.29
"2018-01-10 12:00:00",14073.1
"2018-01-10 12:01:00",14071.05
"2018-01-10 12:02:00",14073.77
"2018-01-10 12:03:00",14074.81
"2018-01-10 12:04:00",14060.57
"2018-01-10 12:05:00",14061.43
"2018-01-10 12:06:00",14061.72
"2018-01-10 12:07:00",14043.32
"2018-01-10 12:08:00",14039.13
"2018-01-10 12:09:00",14035.43
"2018-01-10 12:10:00",14015.92
"2018-01-10 12:11:00",14007.11
"2018-01-10 12:12:00",14013.4
"2018-01-10 12:13:00",14017.02
"2018-01-10 12:14:00",13998.78
"2018-01-10 12:15:00",13999.72
"2018-01-10 12:16:00",14016.03
"2018-01-10 12:17:00",14025.24
"2018-01-10 12:18:00",14032.91
"2018-01-10 12:19:00",14051.14
"2018-01-10 12:20:00",14056.25
"2018-01-10 12:21:00",14079.44
"2018-01-10 12:22:00",14094.68
"2018-01-10 12:23:00",14120.36
"2018-01-10 12:24:00",14111.3
"2018-01-10 12:25:00",14105.48
"2018-01-10 12:26:00",14078.33
"2018-01-10 12:27:00",14059.26
"2018-01-10 12:28:00",14042.14
"2018-01-10 12:29:00",14029.51
"2018-01-10 12:30:00",14009.39
"2018-01-10 12:31:00",13988.58
"2018-01-10 12:32:00",13952.39
"2018-01-10 12:33:00",13938.43
"2018-01-10 12:34:00",13984.41
"2018-01-10 12:35:00",13995.58
"2018-01-10 12:36:00",13953.46
"2018-01-10 12:37:00",13958.18
"2018-01-10 12:38:00",13964.85
"2018-01-10 12:39:00",13959.61
"2018-01-10 12:40:00",13972.97
"2018-01-10 12:41:00",13976.14
"2018-01-10 12:42:00",13975.45
"2018-01-10 12:43:00",13981.1
"2018-01-10 12:44:00",14001.84
"2018-01-10 12:45:00",14014.92
"2018-01-10 12:46:00",14007.43
"2018-01-10 12:47:00",14004.64
"2018-01-10 12:48:00",14004.09
"2018-01-10 12:49:00",14008.21
"2018-01-10 12:50:00",14007.77
"2018-01-10 12:51:00",14017.3
"2018-01-10 12:52:00",14004.61
"2018-01-10 12:53:00",13990.57
"2018-01-10 12:54:00",13962.06
"2018-01-10 12:55:00",13954.21
"2018-01-10 12:56:00",13946.55
"2018-01-10 12:57:00",13941
"2018-01-10 12:58:00",13912.44
"2018-01-10 12:59:00",13898.03
"2018-01-10 13:00:00",13899.83
"2018-01-10 13:01:00",13894.68
"2018-01-10 13:02:00",13876.08
"2018-01-10 13:03:00",13879.34
"2018-01-10 13:04:00",13867.44
"2018-01-10 13:05:00",13870.98
"2018-01-10 13:06:00",13878.08
"2018-01-10 13:07:00",13872.87
"2018-01-10 13:08:00",13892.02
"2018-01-10 13:09:00",13900.37
"2018-01-10 13:10:00",13904.57
"2018-01-10 13:11:00",13920.7
"2018-01-10 13:12:00",13927.17
"2018-01-10 13:13:00",13917.01
"2018-01-10 13:14:00",13914.39
"2018-01-10 13:15:00",13927.19
"2018-01-10 13:16:00",13926.36
"2018-01-10 13:17:00",13936.16
"2018-01-10 13:18:00",13903.93
"2018-01-10 13:19:00",13911.62
"2018-01-10 13:20:00",13911.82
"2018-01-10 13:21:00",13911.97
"2018-01-10 13:22:00",13924.09
"2018-01-10 13:23:00",13925.14
"2018-01-10 13:24:00",13926.17
"2018-01-10 13:25:00",13929.45
"2018-01-10 13:26:00",13926.53
"2018-01-10 13:27:00",13934.16
"2018-01-10 13:28:00",13938.04
"2018-01-10 13:29:00",13953.97
"2018-01-10 13:30:00",13972.55
"2018-01-10 13:31:00",13974.4
"2018-01-10 13:32:00",13981.69
"2018-01-10 13:33:00",13980.62
"2018-01-10 13:34:00",13982.02
"2018-01-10 13:35:00",13993.97
"2018-01-10 13:36:00",14006.02
"2018-01-10 13:37:00",14013.11
"2018-01-10 13:38:00",14031.99
"2018-01-10 13:39:00",14054.93
"2018-01-10 13:40:00",14065.37
"2018-01-10 13:41:00",14069.84
"2018-01-10 13:42:00",14074.04
"2018-01-10 13:43:00",14055.18
"2018-01-10 13:44:00",14022.79
"2018-01-10 13:45:00",14012.28
"2018-01-10 13:46:00",14006.77
"2018-01-10 13:47:00",14013.96
"2018-01-10 13:48:00",14022.39
"2018-01-10 13:49:00",14005.81
"2018-01-10 13:50:00",13995.83
"2018-01-10 13:51:00",13980.21
"2018-01-10 13:52:00",13982.65
"2018-01-10 13:53:00",13967.2
"2018-01-10 13:54:00",13946.28
"2018-01-10 13:55:00",13936.58
"2018-01-10 13:56:00",13918.63
"2018-01-10 13:57:00",13909.06
"2018-01-10 13:58:00",13913.78
"2018-01-10 13:59:00",13907.03
"2018-01-10 14:00:00",13881.46
"2018-01-10 14:01:00",13859.52
"2018-01-10 14:02:00",13823.91
"2018-01-10 14:03:00",13806.84
"2018-01-10 14:04:00",13837.24
"2018-01-10 14:05:00",13858.8
"2018-01-10 14:06:00",13870.42
"2018-01-10 14:07:00",13881.72
"2018-01-10 14:08:00",13890.71
"2018-01-10 14:09:00",13896.7
"2018-01-10 14:10:00",13898.35
"2018-01-10 14:11:00",13887.85
"2018-01-10 14:12:00",13879.22
"2018-01-10 14:13:00",13877.33
"2018-01-10 14:14:00",13858.25
"2018-01-10 14:15:00",13853.75
"2018-01-10 14:16:00",13823.62
"2018-01-10 14:17:00",13804.01
"2018-01-10 14:18:00",13790.59
"2018-01-10 14:19:00",13753.58
"2018-01-10 14:20:00",13745.58
"2018-01-10 14:21:00",13758.65
"2018-01-10 14:22:00",13773.25
"2018-01-10 14:23:00",13755.41
"2018-01-10 14:24:00",13746.58
"2018-01-10 14:25:00",13770.42
"2018-01-10 14:26:00",13765.69
"2018-01-10 14:27:00",13763.41
"2018-01-10 14:28:00",13775.11
"2018-01-10 14:29:00",13797.55
"2018-01-10 14:30:00",13830.17
"2018-01-10 14:31:00",13830.43
"2018-01-10 14:32:00",13822.56
"2018-01-10 14:33:00",13796.87
"2018-01-10 14:34:00",13791.89
"2018-01-10 14:35:00",13781.49
"2018-01-10 14:36:00",13777.08
"2018-01-10 14:37:00",13778.63
"2018-01-10 14:38:00",13766.92
"2018-01-10 14:39:00",13730.34
"2018-01-10 14:40:00",13683.07
"2018-01-10 14:41:00",13676.93
"2018-01-10 14:42:00",13665.11
"2018-01-10 14:43:00",13666.92
"2018-01-10 14:44:00",13635.4
"2018-01-10 14:45:00",13605.58
"2018-01-10 14:46:00",13636.3
"2018-01-10 14:47:00",13663.41
"2018-01-10 14:48:00",13662.95
"2018-01-10 14:49:00",13695.38
"2018-01-10 14:50:00",13710.19
"2018-01-10 14:51:00",13688.31
"2018-01-10 14:52:00",13706.73
"2018-01-10 14:53:00",13688.95
"2018-01-10 14:54:00",13681.86
"2018-01-10 14:55:00",13712.8
"2018-01-10 14:56:00",13764.5
"2018-01-10 14:57:00",13786.32
"2018-01-10 14:58:00",13779.36
"2018-01-10 14:59:00",13778.42
"2018-01-10 15:00:00",13776
"2018-01-10 15:01:00",13762.31
"2018-01-10 15:02:00",13788.42
"2018-01-10 15:03:00",13827.56
"2018-01-10 15:04:00",13849.98
"2018-01-10 15:05:00",13865.91
"2018-01-10 15:06:00",13889.85
"2018-01-10 15:07:00",13910.15
"2018-01-10 15:08:00",13917.08
"2018-01-10 15:09:00",13928.04
"2018-01-10 15:10:00",13955
"2018-01-10 15:11:00",13987.93
"2018-01-10 15:12:00",14026.65
"2018-01-10 15:13:00",14027
"2018-01-10 15:14:00",13971.68
"2018-01-10 15:15:00",13949.25
"2018-01-10 15:16:00",13939.57
"2018-01-10 15:17:00",13952.6
"2018-01-10 15:18:00",13994.45
"2018-01-10 15:19:00",14005.46
"2018-01-10 15:20:00",14033.74
"2018-01-10 15:21:00",14093.7
"2018-01-10 15:22:00",14113.63
"2018-01-10 15:23:00",14106.11
"2018-01-10 15:24:00",14106
"2018-01-10 15:25:00",14119.57
"2018-01-10 15:26:00",14129.04
"2018-01-10 15:27:00",14143.46
"2018-01-10 15:28:00",14165.9
"2018-01-10 15:29:00",14174.07
"2018-01-10 15:30:00",14194.32
"2018-01-10 15:31:00",14157.74
"2018-01-10 15:32:00",14157.13
"2018-01-10 15:33:00",14154.93
"2018-01-10 15:34:00",14119.84
"2018-01-10 15:35:00",14094.82
"2018-01-10 15:36:00",14097.63
"2018-01-10 15:37:00",14097.15
"2018-01-10 15:38:00",14112.17
"2018-01-10 15:39:00",14130.13
"2018-01-10 15:40:00",14158.9
"2018-01-10 15:41:00",14180.46
"2018-01-10 15:42:00",14214.32
"2018-01-10 15:43:00",14193.91
"2018-01-10 15:44:00",14179.76
"2018-01-10 15:45:00",14189.24
"2018-01-10 15:46:00",14209.16
"2018-01-10 15:47:00",14267.72
"2018-01-10 15:48:00",14316.12
"2018-01-10 15:49:00",14337.67
"2018-01-10 15:50:00",14356.14
"2018-01-10 15:51:00",14389.9
"2018-01-10 15:52:00",14414.82
"2018-01-10 15:53:00",14374.85
"2018-01-10 15:54:00",14387.24
"2018-01-10 15:55:00",14440.07
"2018-01-10 15:56:00",14490.28
"2018-01-10 15:57:00",14453.37
"2018-01-10 15:58:00",14437.72
"2018-01-10 15:59:00",14420.99
"2018-01-10 16:00:00",14398.45
"2018-01-10 16:01:00",14426.64
"2018-01-10 16:02:00",14457.99
"2018-01-10 16:03:00",14479.38
"2018-01-10 16:04:00",14540.9
"2018-01-10 16:05:00",14614.41
"2018-01-10 16:06:00",14637.03
"2018-01-10 16:07:00",14609.78
"2018-01-10 16:08:00",14602.45
"2018-01-10 16:09:00",14567.11
"2018-01-10 16:10:00",14527.16
"2018-01-10 16:11:00",14511.27
"2018-01-10 16:12:00",14511.31
"2018-01-10 16:15:00",14457.87
"2018-01-10 16:16:00",14496.03
"2018-01-10 16:17:00",14553
"2018-01-10 16:18:00",14592.52
"2018-01-10 16:19:00",14626.32
"2018-01-10 16:20:00",14607.24
"2018-01-10 16:21:00",14616.77
"2018-01-10 16:22:00",14625.44
"2018-01-10 16:23:00",14594.89
"2018-01-10 16:24:00",14563.17
"2018-01-10 16:25:00",14592.11
"2018-01-10 16:26:00",14605.36
"2018-01-10 16:27:00",14620.48
"2018-01-10 16:28:00",14650.38
"2018-01-10 16:29:00",14602.43
"2018-01-10 16:30:00",14538.67
"2018-01-10 16:31:00",14523.87
"2018-01-10 16:32:00",14537.37
"2018-01-10 16:33:00",14518.39
"2018-01-10 16:34:00",14458.49
"2018-01-10 16:35:00",14435.9
"2018-01-10 16:36:00",14463.29
"2018-01-10 16:37:00",14482.68
"2018-01-10 16:38:00",14462.52
"2018-01-10 16:39:00",14467.89
"2018-01-10 16:40:00",14463.13
"2018-01-10 16:41:00",14478.71
"2018-01-10 16:42:00",14517.11
"2018-01-10 16:43:00",14493.45
"2018-01-10 16:44:00",14467.5
"2018-01-10 16:45:00",14478.32
"2018-01-10 16:46:00",14483.83
"2018-01-10 16:47:00",14491.37
"2018-01-10 16:48:00",14492.46
"2018-01-10 16:49:00",14469.57
"2018-01-10 16:50:00",14456.83
"2018-01-10 16:51:00",14467.15
"2018-01-10 16:52:00",14473.43
"2018-01-10 16:53:00",14466.91
"2018-01-10 16:54:00",14469.53
"2018-01-10 16:55:00",14489.32
"2018-01-10 16:56:00",14502.84
"2018-01-10 16:57:00",14494.1
"2018-01-10 16:58:00",14495.18
"2018-01-10 16:59:00",14498.19
"2018-01-10 17:00:00",14492.14
"2018-01-10 17:01:00",14475.09
"2018-01-10 17:02:00",14452.66
"2018-01-10 17:03:00",14427.52
"2018-01-10 17:04:00",14388.97
"2018-01-10 17:05:00",14358.3
"2018-01-10 17:06:00",14366.25
"2018-01-10 17:07:00",14406.41
"2018-01-10 17:08:00",14422.29
"2018-01-10 17:09:00",14431.26
"2018-01-10 17:10:00",14418.26
"2018-01-10 17:11:00",14427.15
"2018-01-10 17:12:00",14457.35
"2018-01-10 17:13:00",14491.43
"2018-01-10 17:14:00",14512.13
"2018-01-10 17:15:00",14513.78
"2018-01-10 17:16:00",14496.09
"2018-01-10 17:17:00",14494.03
"2018-01-10 17:18:00",14496.35
"2018-01-10 17:19:00",14488.34
"2018-01-10 17:20:00",14488.37
"2018-01-10 17:21:00",14485.16
"2018-01-10 17:22:00",14488.18
"2018-01-10 17:23:00",14479.77
"2018-01-10 17:24:00",14476.83
"2018-01-10 17:25:00",14470.58
"2018-01-10 17:26:00",14466.34
"2018-01-10 17:27:00",14468.79
"2018-01-10 17:28:00",14485.76
"2018-01-10 17:29:00",14469.89
"2018-01-10 17:30:00",14477.75
"2018-01-10 17:31:00",14475.62
"2018-01-10 17:32:00",14470.77
"2018-01-10 17:33:00",14464.23
"2018-01-10 17:34:00",14433.05
"2018-01-10 17:35:00",14372.61
"2018-01-10 17:36:00",14389.63
"2018-01-10 17:37:00",14399.77
"2018-01-10 17:38:00",14410.08
"2018-01-10 17:39:00",14425.11
"2018-01-10 17:40:00",14428.15
"2018-01-10 17:41:00",14423.78
"2018-01-10 17:42:00",14415.14
"2018-01-10 17:43:00",14415.27
"2018-01-10 17:44:00",14439.73
"2018-01-10 17:45:00",14444.93
"2018-01-10 17:46:00",14449.13
"2018-01-10 17:47:00",14457.81
"2018-01-10 17:48:00",14467.45
"2018-01-10 17:49:00",14485.85
"2018-01-10 17:50:00",14511.82
"2018-01-10 17:51:00",14531.85
"2018-01-10 17:52:00",14534.43
"2018-01-10 17:53:00",14532.75
"2018-01-10 17:54:00",14535.47
"2018-01-10 17:55:00",14551.95
"2018-01-10 17:56:00",14558.01
"2018-01-10 17:57:00",14572.47
"2018-01-10 17:58:00",14577.31
"2018-01-10 17:59:00",14556.76
"2018-01-10 18:00:00",14569.71
"2018-01-10 18:01:00",14590.56
"2018-01-10 18:02:00",14626.92
"2018-01-10 18:03:00",14623.72
"2018-01-10 18:04:00",14619.26
"2018-01-10 18:05:00",14622.78
"2018-01-10 18:06:00",14620.89
"2018-01-10 18:07:00",14621.59
"2018-01-10 18:09:00",14691.72
"2018-01-10 18:10:00",14691.6
"2018-01-10 18:11:00",14693.89
"2018-01-10 18:12:00",14680.45
"2018-01-10 18:13:00",14663.28
"2018-01-10 18:14:00",14672.67
"2018-01-10 18:15:00",14654.51
"2018-01-10 18:16:00",14652.56
"2018-01-10 18:17:00",14636.2
"2018-01-10 18:18:00",14630.64
"2018-01-10 18:19:00",14622.43
"2018-01-10 18:20:00",14622.16
"2018-01-10 18:21:00",14617.31
"2018-01-10 18:23:00",14615.71
"2018-01-10 18:24:00",14632.87
"2018-01-10 18:25:00",14628.28
"2018-01-10 18:26:00",14622.48
"2018-01-10 18:27:00",14595.3
"2018-01-10 18:28:00",14581.31
"2018-01-10 18:29:00",14576.1
"2018-01-10 18:30:00",14564.82
"2018-01-10 18:31:00",14558.67
"2018-01-10 18:32:00",14533.25
"2018-01-10 18:33:00",14517.48
"2018-01-10 18:34:00",14522.57
"2018-01-10 18:35:00",14537.02
"2018-01-10 18:36:00",14543.78
"2018-01-10 18:37:00",14534.02
"2018-01-10 18:38:00",14518.47
"2018-01-10 18:39:00",14517.75
"2018-01-10 18:40:00",14543.91
"2018-01-10 18:41:00",14554.7
"2018-01-10 18:42:00",14575.21
"2018-01-10 18:43:00",14569.43
"2018-01-10 18:44:00",14538.88
"2018-01-10 18:45:00",14532.71
"2018-01-10 18:46:00",14539.84
"2018-01-10 18:47:00",14551.43
"2018-01-10 18:48:00",14547.99
"2018-01-10 18:49:00",14561.45
"2018-01-10 18:50:00",14562.71
"2018-01-10 18:51:00",14558.96
"2018-01-10 18:52:00",14563.9
"2018-01-10 18:53:00",14558.38
"2018-01-10 18:54:00",14548.12
"2018-01-10 18:55:00",14538.66
"2018-01-10 18:56:00",14515.81
"2018-01-10 18:57:00",14451.78
"2018-01-10 18:58:00",14437.44
"2018-01-10 18:59:00",14479.26
"2018-01-10 19:00:00",14506.36
"2018-01-10 19:01:00",14520.73
"2018-01-10 19:02:00",14540.47
"2018-01-10 19:03:00",14529.2
"2018-01-10 19:04:00",14508.43
"2018-01-10 19:05:00",14485.1
"2018-01-10 19:06:00",14462.22
"2018-01-10 19:07:00",14464.14
"2018-01-10 19:08:00",14466.63
"2018-01-10 19:09:00",14463.8
"2018-01-10 19:10:00",14469.8
"2018-01-10 19:11:00",14461.56
"2018-01-10 19:12:00",14459.92
"2018-01-10 19:13:00",14457.29
"2018-01-10 19:14:00",14463.84
"2018-01-10 19:15:00",14458.96
"2018-01-10 19:16:00",14457.39
"2018-01-10 19:17:00",14446.94
"2018-01-10 19:18:00",14437.6
"2018-01-10 19:19:00",14414.82
"2018-01-10 19:20:00",14381.72
"2018-01-10 19:21:00",14356.69
"2018-01-10 19:22:00",14390.2
"2018-01-10 19:23:00",14416.59
"2018-01-10 19:24:00",14404.88
"2018-01-10 19:25:00",14382.03
"2018-01-10 19:26:00",14372.4
"2018-01-10 19:27:00",14387.67
"2018-01-10 19:28:00",14388.82
"2018-01-10 19:29:00",14387.35
"2018-01-10 19:30:00",14388.38
"2018-01-10 19:31:00",14384.37
"2018-01-10 19:32:00",14384.58
"2018-01-10 19:33:00",14386.91
"2018-01-10 19:34:00",14393.29
"2018-01-10 19:35:00",14410
"2018-01-10 19:36:00",14418.74
"2018-01-10 19:37:00",14417.7
"2018-01-10 19:38:00",14415.26
"2018-01-10 19:39:00",14387.89
"2018-01-10 19:40:00",14375.62
"2018-01-10 19:41:00",14369.31
"2018-01-10 19:42:00",14359.89
"2018-01-10 19:43:00",14330.46
"2018-01-10 19:44:00",14282.4
"2018-01-10 19:45:00",14312.03
"2018-01-10 19:46:00",14358.65
"2018-01-10 19:47:00",14359.12
"2018-01-10 19:48:00",14339.54
"2018-01-10 19:49:00",14326.88
"2018-01-10 19:50:00",14383.4
"2018-01-10 19:51:00",14395.39
"2018-01-10 19:52:00",14414.85
"2018-01-10 19:53:00",14432.57
"2018-01-10 19:54:00",14461.26
"2018-01-10 19:55:00",14460.48
"2018-01-10 19:56:00",14420.05
"2018-01-10 19:57:00",14396.77
"2018-01-10 19:58:00",14388.13
"2018-01-10 19:59:00",14339.61
"2018-01-10 20:00:00",14340.59
"2018-01-10 20:01:00",14326.4
"2018-01-10 20:02:00",14330.65
"2018-01-10 20:03:00",14361.17
"2018-01-10 20:04:00",14375.02
"2018-01-10 20:05:00",14385.95
"2018-01-10 20:06:00",14387.76
"2018-01-10 20:07:00",14390.05
"2018-01-10 20:08:00",14366.21
"2018-01-10 20:09:00",14365.11
"2018-01-10 20:10:00",14374.7
"2018-01-10 20:11:00",14362.14
"2018-01-10 20:12:00",14355.49
"2018-01-10 20:13:00",14340.79
"2018-01-10 20:14:00",14329.32
"2018-01-10 20:15:00",14304.72
"2018-01-10 20:16:00",14299.67
"2018-01-10 20:17:00",14319.29
"2018-01-10 20:18:00",14324.93
"2018-01-10 20:19:00",14321.95
"2018-01-10 20:20:00",14329.34
"2018-01-10 20:21:00",14323.88
"2018-01-10 20:22:00",14278.5
"2018-01-10 20:23:00",14268.65
"2018-01-10 20:24:00",14262.06
"2018-01-10 20:25:00",14293.4
"2018-01-10 20:26:00",14292.99
"2018-01-10 20:27:00",14292.39
"2018-01-10 20:28:00",14303.04
"2018-01-10 20:29:00",14307.67
"2018-01-10 20:30:00",14311.45
"2018-01-10 20:31:00",14331.95
"2018-01-10 20:32:00",14344.01
"2018-01-10 20:33:00",14349.01
"2018-01-10 20:34:00",14377.53
"2018-01-10 20:35:00",14396.66
"2018-01-10 20:36:00",14410.18
"2018-01-10 20:37:00",14418.59
"2018-01-10 20:38:00",14412.41
"2018-01-10 20:39:00",14422.72
"2018-01-10 20:40:00",14442.12
"2018-01-10 20:41:00",14451.48
"2018-01-10 20:42:00",14461.27
"2018-01-10 20:43:00",14458.39
"2018-01-10 20:44:00",14463.71
"2018-01-10 20:45:00",14471.87
"2018-01-10 20:46:00",14488.06
"2018-01-10 20:47:00",14507.96
"2018-01-10 20:48:00",14479.56
"2018-01-10 20:49:00",14459.92
"2018-01-10 20:50:00",14436.73
"2018-01-10 20:51:00",14428.85
"2018-01-10 20:52:00",14456.23
"2018-01-10 20:53:00",14464.38
"2018-01-10 20:54:00",14446.66
"2018-01-10 20:55:00",14443.92
"2018-01-10 20:56:00",14436.25
"2018-01-10 20:57:00",14438.07
"2018-01-10 20:58:00",14452.48
"2018-01-10 20:59:00",14463.84
"2018-01-10 21:00:00",14460.89
"2018-01-10 21:01:00",14473.89
"2018-01-10 21:02:00",14469.21
"2018-01-10 21:03:00",14469.85
"2018-01-10 21:04:00",14468.84
"2018-01-10 21:05:00",14478.68
"2018-01-10 21:06:00",14482.63
"2018-01-10 21:07:00",14484.98
"2018-01-10 21:08:00",14483.72
"2018-01-10 21:09:00",14457.89
"2018-01-10 21:10:00",14446.02
"2018-01-10 21:11:00",14454.78
"2018-01-10 21:12:00",14458.12
"2018-01-10 21:13:00",14445.98
"2018-01-10 21:14:00",14444.49
"2018-01-10 21:15:00",14441.46
"2018-01-10 21:16:00",14426.56
"2018-01-10 21:17:00",14414.98
"2018-01-10 21:18:00",14421.03
"2018-01-10 21:19:00",14441.45
"2018-01-10 21:20:00",14443.78
"2018-01-10 21:21:00",14464.94
"2018-01-10 21:22:00",14471.7
"2018-01-10 21:23:00",14476.03
"2018-01-10 21:24:00",14494.87
"2018-01-10 21:25:00",14489.18
"2018-01-10 21:26:00",14498.73
"2018-01-10 21:27:00",14492.88
"2018-01-10 21:28:00",14491.36
"2018-01-10 21:29:00",14491.81
"2018-01-10 21:30:00",14500.16
"2018-01-10 21:31:00",14503.47
"2018-01-10 21:32:00",14504.86
"2018-01-10 21:33:00",14519.73
"2018-01-10 21:34:00",14534.5
"2018-01-10 21:35:00",14538.64
"2018-01-10 21:36:00",14552.93
"2018-01-10 21:37:00",14582.06
"2018-01-10 21:38:00",14587.62
"2018-01-10 21:39:00",14544.64
"2018-01-10 21:40:00",14540.51
"2018-01-10 21:41:00",14536.89
"2018-01-10 21:42:00",14539.25
"2018-01-10 21:43:00",14525.71
"2018-01-10 21:44:00",14530.79
"2018-01-10 21:45:00",14523.57
"2018-01-10 21:46:00",14508.55
"2018-01-10 21:47:00",14524.18
"2018-01-10 21:48:00",14525.79
"2018-01-10 21:49:00",14526.67
"2018-01-10 21:50:00",14530.17
"2018-01-10 21:51:00",14517.49
"2018-01-10 21:52:00",14498.42
"2018-01-10 21:53:00",14483.18
"2018-01-10 21:54:00",14478.82
"2018-01-10 21:55:00",14470.54
"2018-01-10 21:56:00",14448.27
"2018-01-10 21:57:00",14465
"2018-01-10 21:58:00",14483.02
"2018-01-10 21:59:00",14481.59
"2018-01-10 22:00:00",14495.47
"2018-01-10 22:01:00",14505.36
"2018-01-10 22:02:00",14510.36
"2018-01-10 22:03:00",14507.1
"2018-01-10 22:04:00",14506.56
"2018-01-10 22:05:00",14516.97
"2018-01-10 22:06:00",14505.74
"2018-01-10 22:07:00",14490.94
"2018-01-10 22:08:00",14495.18
"2018-01-10 22:09:00",14499.52
"2018-01-10 22:10:00",14483.51
"2018-01-10 22:11:00",14470.18
"2018-01-10 22:12:00",14471.09
"2018-01-10 22:13:00",14477.26
"2018-01-10 22:14:00",14480.06
"2018-01-10 22:15:00",14473.4
"2018-01-10 22:16:00",14476.89
"2018-01-10 22:17:00",14484.77
"2018-01-10 22:18:00",14489.87
"2018-01-10 22:19:00",14498
"2018-01-10 22:20:00",14496.29
"2018-01-10 22:21:00",14498.62
"2018-01-10 22:22:00",14492.96
"2018-01-10 22:23:00",14496.33
"2018-01-10 22:24:00",14500.72
"2018-01-10 22:25:00",14487.94
"2018-01-10 22:26:00",14485.41
"2018-01-10 22:27:00",14475.84
"2018-01-10 22:28:00",14474.71
"2018-01-10 22:29:00",14466.94
"2018-01-10 22:30:00",14458.33
"2018-01-10 22:31:00",14426.55
"2018-01-10 22:32:00",14412.39
"2018-01-10 22:33:00",14404.38
"2018-01-10 22:34:00",14435.96
"2018-01-10 22:35:00",14445.97
"2018-01-10 22:36:00",14449.18
"2018-01-10 22:37:00",14450.05
"2018-01-10 22:38:00",14452.59
"2018-01-10 22:39:00",14437.93
"2018-01-10 22:40:00",14417.27
"2018-01-10 22:41:00",14388.68
"2018-01-10 22:42:00",14382.18
"2018-01-10 22:43:00",14372.48
"2018-01-10 22:44:00",14352.59
"2018-01-10 22:45:00",14358.58
"2018-01-10 22:46:00",14361.06
"2018-01-10 22:47:00",14380.49
"2018-01-10 22:48:00",14365.33
"2018-01-10 22:49:00",14350.92
"2018-01-10 22:50:00",14346.41
"2018-01-10 22:51:00",14314.43
"2018-01-10 22:52:00",14296.19
"2018-01-10 22:53:00",14309.5
"2018-01-10 22:54:00",14378.02
"2018-01-10 22:55:00",14410.28
"2018-01-10 22:56:00",14404.19
"2018-01-10 22:57:00",14429.25
"2018-01-10 22:58:00",14432.58
"2018-01-10 22:59:00",14457.25
"2018-01-10 23:00:00",14486.28
"2018-01-10 23:01:00",14496.97
"2018-01-10 23:02:00",14502.53
"2018-01-10 23:03:00",14513.33
"2018-01-10 23:04:00",14526.11
"2018-01-10 23:05:00",14552.47
"2018-01-10 23:06:00",14563.66
"2018-01-10 23:07:00",14562.32
"2018-01-10 23:08:00",14560.45
"2018-01-10 23:09:00",14523.72
"2018-01-10 23:10:00",14501.77
"2018-01-10 23:11:00",14505.4
"2018-01-10 23:12:00",14493.96
"2018-01-10 23:13:00",14477.6
"2018-01-10 23:14:00",14465.87
"2018-01-10 23:15:00",14456.4
"2018-01-10 23:16:00",14487
"2018-01-10 23:17:00",14499.63
"2018-01-10 23:18:00",14503.95
"2018-01-10 23:19:00",14501.81
"2018-01-10 23:20:00",14502.43
"2018-01-10 23:21:00",14498.96
"2018-01-10 23:22:00",14499.38
"2018-01-10 23:23:00",14499.26
"2018-01-10 23:24:00",14519.19
"2018-01-10 23:25:00",14525.86
"2018-01-10 23:26:00",14532.63
"2018-01-10 23:27:00",14551.32
"2018-01-10 23:28:00",14548.48
"2018-01-10 23:29:00",14553.94
"2018-01-10 23:30:00",14558.98
"2018-01-10 23:31:00",14554.75
"2018-01-10 23:32:00",14553.02
"2018-01-10 23:33:00",14548.16
"2018-01-10 23:34:00",14542.83
"2018-01-10 23:35:00",14558.7
"2018-01-10 23:36:00",14569.12
"2018-01-10 23:37:00",14580.09
"2018-01-10 23:38:00",14592.93
"2018-01-10 23:39:00",14591.11
"2018-01-10 23:40:00",14590.95
"2018-01-10 23:41:00",14585.55
"2018-01-10 23:42:00",14585.28
"2018-01-10 23:43:00",14576.16
"2018-01-10 23:44:00",14561.09
"2018-01-10 23:45:00",14563.31
"2018-01-10 23:46:00",14576.88
"2018-01-10 23:47:00",14592.72
"2018-01-10 23:48:00",14614.74
"2018-01-10 23:49:00",14642.47
"2018-01-10 23:50:00",14688.88
"2018-01-10 23:51:00",14761.47
"2018-01-10 23:52:00",14807.7
"2018-01-10 23:53:00",14847.89
"2018-01-10 23:54:00",14866.32
"2018-01-10 23:55:00",14845.43
"2018-01-10 23:56:00",14823.5
"2018-01-10 23:57:00",14839.12
"2018-01-10 23:58:00",14853.89
"2018-01-10 23:59:00",14859.3
"2018-01-11 00:01:00",14902.04
"2018-01-11 00:02:00",14920.21
"2018-01-11 00:03:00",14942.61
"2018-01-11 00:04:00",14934.97
"2018-01-11 00:05:00",14930.21
"2018-01-11 00:06:00",14865.41
"2018-01-11 00:07:00",14837.44
"2018-01-11 00:08:00",14812.37
"2018-01-11 00:09:00",14846.25
"2018-01-11 00:10:00",14870.84
"2018-01-11 00:11:00",14882.87
"2018-01-11 00:12:00",14876.05
"2018-01-11 00:13:00",14831.05
"2018-01-11 00:14:00",14806.73
"2018-01-11 00:15:00",14800.48
"2018-01-11 00:16:00",14780.96
"2018-01-11 00:17:00",14796.06
"2018-01-11 00:18:00",14802.43
"2018-01-11 00:19:00",14800.22
"2018-01-11 00:20:00",14789.81
"2018-01-11 00:21:00",14789.07
"2018-01-11 00:22:00",14796.31
"2018-01-11 00:23:00",14824.72
"2018-01-11 00:24:00",14834.89
"2018-01-11 00:25:00",14843.45
"2018-01-11 00:26:00",14848.38
"2018-01-11 00:27:00",14854.69
"2018-01-11 00:28:00",14860.3
"2018-01-11 00:29:00",14864.21
"2018-01-11 00:30:00",14856.8
"2018-01-11 00:31:00",14848.43
"2018-01-11 00:32:00",14837.12
"2018-01-11 00:33:00",14821.86
"2018-01-11 00:34:00",14795.22
"2018-01-11 00:35:00",14780.65
"2018-01-11 00:36:00",14766.27
"2018-01-11 00:37:00",14753.16
"2018-01-11 00:38:00",14741.51
"2018-01-11 00:39:00",14692.61
"2018-01-11 00:40:00",14718.16
"2018-01-11 00:41:00",14713.21
"2018-01-11 00:42:00",14723.05
"2018-01-11 00:43:00",14695.56
"2018-01-11 00:44:00",14699.79
"2018-01-11 00:45:00",14705.66
"2018-01-11 00:46:00",14716.38
"2018-01-11 00:47:00",14735.06
"2018-01-11 00:48:00",14737.14
"2018-01-11 00:49:00",14729.55
"2018-01-11 00:50:00",14727.94
"2018-01-11 00:51:00",14723.8
"2018-01-11 00:52:00",14716.25
"2018-01-11 00:53:00",14689.48
"2018-01-11 00:54:00",14662.49
"2018-01-11 00:55:00",14663.15
"2018-01-11 00:56:00",14648.76
"2018-01-11 00:57:00",14624.08
"2018-01-11 00:58:00",14644.71
"2018-01-11 00:59:00",14681.31
"2018-01-11 01:00:00",14667.26
"2018-01-11 01:01:00",14633.68
"2018-01-11 01:02:00",14603.12
"2018-01-11 01:03:00",14636.06
"2018-01-11 01:04:00",14631.56
"2018-01-11 01:05:00",14646.87
"2018-01-11 01:06:00",14681.34
"2018-01-11 01:07:00",14689.39
"2018-01-11 01:08:00",14688.72
"2018-01-11 01:09:00",14687.99
"2018-01-11 01:10:00",14695.41
"2018-01-11 01:11:00",14697.5
"2018-01-11 01:12:00",14656.23
"2018-01-11 01:13:00",14628.16
"2018-01-11 01:14:00",14599.58
"2018-01-11 01:15:00",14587.06
"2018-01-11 01:16:00",14591.82
"2018-01-11 01:17:00",14581.91
"2018-01-11 01:18:00",14579.77
"2018-01-11 01:19:00",14592.97
"2018-01-11 01:20:00",14585.91
"2018-01-11 01:21:00",14590.34
"2018-01-11 01:22:00",14614.08
"2018-01-11 01:23:00",14615.8
"2018-01-11 01:24:00",14623.62
"2018-01-11 01:25:00",14622.95
"2018-01-11 01:26:00",14625.2
"2018-01-11 01:27:00",14628.26
"2018-01-11 01:28:00",14622.03
"2018-01-11 01:29:00",14619.87
"2018-01-11 01:30:00",14618.36
"2018-01-11 01:31:00",14610.42
"2018-01-11 01:32:00",14605.13
"2018-01-11 01:33:00",14609.24
"2018-01-11 01:34:00",14613.27
"2018-01-11 01:35:00",14585.89
"2018-01-11 01:36:00",14525.07
"2018-01-11 01:37:00",14476.46
"2018-01-11 01:38:00",14472.94
"2018-01-11 01:39:00",14513.69
"2018-01-11 01:40:00",14493.5
"2018-01-11 01:41:00",14454.41
"2018-01-11 01:42:00",14489.83
"2018-01-11 01:43:00",14494.22
"2018-01-11 01:44:00",14488.98
"2018-01-11 01:45:00",14499.98
"2018-01-11 01:46:00",14522.24
"2018-01-11 01:47:00",14538.88
"2018-01-11 01:48:00",14541.1
"2018-01-11 01:49:00",14535.57
"2018-01-11 01:50:00",14530
"2018-01-11 01:51:00",14531.09
"2018-01-11 01:52:00",14518.63
"2018-01-11 01:53:00",14500.82
"2018-01-11 01:54:00",14504.9
"2018-01-11 01:55:00",14498.65
"2018-01-11 01:56:00",14504.01
"2018-01-11 01:57:00",14493.11
"2018-01-11 01:58:00",14491.25
"2018-01-11 01:59:00",14496.48
"2018-01-11 02:00:00",14491.34
"2018-01-11 02:01:00",14487.73
"2018-01-11 02:02:00",14499.34
"2018-01-11 02:03:00",14503.49
"2018-01-11 02:04:00",14520.75
"2018-01-11 02:05:00",14546.16
"2018-01-11 02:06:00",14544.37
"2018-01-11 02:07:00",14529.38
"2018-01-11 02:08:00",14508.97
"2018-01-11 02:09:00",14490.03
"2018-01-11 02:10:00",14512.78
"2018-01-11 02:11:00",14527.44
"2018-01-11 02:12:00",14548.6
"2018-01-11 02:13:00",14542.65
"2018-01-11 02:14:00",14507.06
"2018-01-11 02:15:00",14510.38
"2018-01-11 02:16:00",14528.76
"2018-01-11 02:17:00",14541.81
"2018-01-11 02:18:00",14548.72
"2018-01-11 02:19:00",14543.54
"2018-01-11 02:20:00",14528.43
"2018-01-11 02:21:00",14521.15
"2018-01-11 02:22:00",14522.44
"2018-01-11 02:23:00",14525.56
"2018-01-11 02:24:00",14519.49
"2018-01-11 02:25:00",14517.34
"2018-01-11 02:26:00",14509.15
"2018-01-11 02:27:00",14479.35
"2018-01-11 02:28:00",14452.8
"2018-01-11 02:29:00",14464.67
"2018-01-11 02:30:00",14468.29
"2018-01-11 02:31:00",14466.97
"2018-01-11 02:32:00",14465.7
"2018-01-11 02:33:00",14444.43
"2018-01-11 02:34:00",14441.2
"2018-01-11 02:35:00",14436.7
"2018-01-11 02:36:00",14437.19
"2018-01-11 02:37:00",14424.07
"2018-01-11 02:38:00",14430.77
"2018-01-11 02:39:00",14432.49
"2018-01-11 02:40:00",14418.45
"2018-01-11 02:41:00",14400.08
"2018-01-11 02:42:00",14407.89
"2018-01-11 02:43:00",14429.36
"2018-01-11 02:44:00",14439.52
"2018-01-11 02:45:00",14450.04
"2018-01-11 02:46:00",14449.3
"2018-01-11 02:47:00",14438.49
"2018-01-11 02:48:00",14440.58
"2018-01-11 02:49:00",14432.77
"2018-01-11 02:50:00",14433.14
"2018-01-11 02:51:00",14429.11
"2018-01-11 02:52:00",14419.64
"2018-01-11 02:53:00",14409.92
"2018-01-11 02:54:00",14395.39
"2018-01-11 02:55:00",14334.16
"2018-01-11 02:56:00",14282.57
"2018-01-11 02:57:00",14232.97
"2018-01-11 02:58:00",14183.72
"2018-01-11 02:59:00",14250.19
"2018-01-11 03:00:00",14251.53
"2018-01-11 03:01:00",14239.82
"2018-01-11 03:02:00",14195.67
"2018-01-11 03:03:00",14205.29
"2018-01-11 03:04:00",14228.92
"2018-01-11 03:05:00",14197.51
"2018-01-11 03:06:00",14119.76
"2018-01-11 03:07:00",14011.16
"2018-01-11 03:08:00",13884.9
"2018-01-11 03:09:00",13825.28
"2018-01-11 03:10:00",13834.26
"2018-01-11 03:11:00",13917.72
"2018-01-11 03:12:00",13994.98
"2018-01-11 03:13:00",13918.91
"2018-01-11 03:14:00",13856
"2018-01-11 03:15:00",13897.99
"2018-01-11 03:16:00",13943.84
"2018-01-11 03:17:00",13880.95
"2018-01-11 03:18:00",13852.98
"2018-01-11 03:19:00",13899.65
"2018-01-11 03:20:00",13843.69
"2018-01-11 03:21:00",13769.62
"2018-01-11 03:22:00",13707.95
"2018-01-11 03:23:00",13757.17
"2018-01-11 03:24:00",13820.94
"2018-01-11 03:25:00",13785.92
"2018-01-11 03:26:00",13845
"2018-01-11 03:27:00",13884.05
"2018-01-11 03:28:00",13868.17
"2018-01-11 03:29:00",13865.13
"2018-01-11 03:30:00",13784.71
"2018-01-11 03:31:00",13732.34
"2018-01-11 03:32:00",13746.97
"2018-01-11 03:33:00",13774.76
"2018-01-11 03:34:00",13800.13
"2018-01-11 03:35:00",13826.69
"2018-01-11 03:36:00",13801.23
"2018-01-11 03:37:00",13845.99
"2018-01-11 03:38:00",13863.57
"2018-01-11 03:39:00",13823.38
"2018-01-11 03:40:00",13820.27
"2018-01-11 03:41:00",13805.75
"2018-01-11 03:42:00",13767.68
"2018-01-11 03:43:00",13714.05
"2018-01-11 03:44:00",13675.71
"2018-01-11 03:45:00",13606.35
"2018-01-11 03:46:00",13561.28
"2018-01-11 03:47:00",13526.15
"2018-01-11 03:48:00",13561.52
"2018-01-11 03:49:00",13557
"2018-01-11 03:50:00",13503.43
"2018-01-11 03:51:00",13470.73
"2018-01-11 03:53:00",13315.29
"2018-01-11 03:54:00",13263.09
"2018-01-11 03:55:00",13192.49
"2018-01-11 03:56:00",13161.58
"2018-01-11 03:57:00",13274.34
"2018-01-11 03:58:00",13379.88
"2018-01-11 03:59:00",13295.6
"2018-01-11 04:00:00",13269.6
"2018-01-11 04:01:00",13302.33
"2018-01-11 04:02:00",13298.98
"2018-01-11 04:03:00",13306.61
"2018-01-11 04:04:00",13443.3
"2018-01-11 04:05:00",13587.99
"2018-01-11 04:06:00",13560.84
"2018-01-11 04:07:00",13487.41
"2018-01-11 04:08:00",13387.67
"2018-01-11 04:09:00",13424.62
"2018-01-11 04:10:00",13450.74
"2018-01-11 04:11:00",13389.82
"2018-01-11 04:12:00",13313.46
"2018-01-11 04:13:00",13319.44
"2018-01-11 04:14:00",13392.13
"2018-01-11 04:15:00",13303
"2018-01-11 04:16:00",13177.22
"2018-01-11 04:17:00",13120.57
"2018-01-11 04:18:00",13058.22
"2018-01-11 04:19:00",12949.55
"2018-01-11 04:20:00",12845.71
"2018-01-11 04:21:00",12924.11
"2018-01-11 04:22:00",13005.13
"2018-01-11 04:23:00",13092.96
"2018-01-11 04:24:00",13077.4
"2018-01-11 04:25:00",12969.15
"2018-01-11 04:26:00",12935.42
"2018-01-11 04:27:00",13100.73
"2018-01-11 04:28:00",12984.99
"2018-01-11 04:29:00",12861.74
"2018-01-11 04:30:00",12956.21
"2018-01-11 04:31:00",12957.7
"2018-01-11 04:32:00",12900.8
"2018-01-11 04:33:00",12999.92
"2018-01-11 04:34:00",13047.41
"2018-01-11 04:35:00",13042.79
"2018-01-11 04:36:00",12990.8
"2018-01-11 04:37:00",12915.36
"2018-01-11 04:38:00",13005.51
"2018-01-11 04:39:00",13063.71
"2018-01-11 04:40:00",13017.85
"2018-01-11 04:41:00",12948.66
"2018-01-11 04:42:00",13008.45
"2018-01-11 04:43:00",12990.68
"2018-01-11 04:44:00",13028.36
"2018-01-11 04:45:00",13128.94
"2018-01-11 04:46:00",13224.61
"2018-01-11 04:47:00",13102.57
"2018-01-11 04:48:00",13107.12
"2018-01-11 04:49:00",13116.19
"2018-01-11 04:50:00",13215.59
"2018-01-11 04:51:00",13224.72
"2018-01-11 04:52:00",13224.74
"2018-01-11 04:53:00",13238.22
"2018-01-11 04:54:00",13254.21
"2018-01-11 04:55:00",13359.12
"2018-01-11 04:56:00",13434.22
"2018-01-11 04:57:00",13392.5
"2018-01-11 04:58:00",13362.54
"2018-01-11 04:59:00",13286.18
"2018-01-11 05:00:00",13316.05
"2018-01-11 05:01:00",13300.47
"2018-01-11 05:02:00",13257.95
"2018-01-11 05:03:00",13228.9
"2018-01-11 05:04:00",13279.43
"2018-01-11 05:05:00",13289.97
"2018-01-11 05:06:00",13389.07
"2018-01-11 05:07:00",13448.85
"2018-01-11 05:08:00",13549.76
"2018-01-11 05:09:00",13547.9
"2018-01-11 05:10:00",13549.89
"2018-01-11 05:11:00",13577.75
"2018-01-11 05:12:00",13539.48
"2018-01-11 05:13:00",13436.71
"2018-01-11 05:14:00",13497.06
"2018-01-11 05:15:00",13544.7
"2018-01-11 05:16:00",13575.28
"2018-01-11 05:17:00",13617.46
"2018-01-11 05:18:00",13633.95
"2018-01-11 05:19:00",13625.88
"2018-01-11 05:20:00",13596.31
"2018-01-11 05:21:00",13586.32
"2018-01-11 05:22:00",13570.09
"2018-01-11 05:23:00",13503.06
"2018-01-11 05:24:00",13496.24
"2018-01-11 05:25:00",13547.7
"2018-01-11 05:26:00",13510.05
"2018-01-11 05:27:00",13479.44
"2018-01-11 05:28:00",13462.05
"2018-01-11 05:29:00",13445.99
"2018-01-11 05:30:00",13401
"2018-01-11 05:31:00",13381.72
"2018-01-11 05:32:00",13422.6
"2018-01-11 05:33:00",13391.8
"2018-01-11 05:34:00",13372.61
"2018-01-11 05:35:00",13394.2
"2018-01-11 05:36:00",13344.86
"2018-01-11 05:37:00",13353.1
"2018-01-11 05:38:00",13436.75
"2018-01-11 05:39:00",13409.27
"2018-01-11 05:40:00",13408.59
"2018-01-11 05:41:00",13372.22
"2018-01-11 05:42:00",13385.73
"2018-01-11 05:43:00",13382.15
"2018-01-11 05:44:00",13388.61
"2018-01-11 05:45:00",13386.48
"2018-01-11 05:46:00",13374.74
"2018-01-11 05:47:00",13347.8
"2018-01-11 05:48:00",13302.23
"2018-01-11 05:49:00",13280.78
"2018-01-11 05:50:00",13196.47
"2018-01-11 05:51:00",13148.3
"2018-01-11 05:52:00",13127.09
"2018-01-11 05:53:00",13215.53
"2018-01-11 05:54:00",13138.38
"2018-01-11 05:55:00",13185.54
"2018-01-11 05:56:00",13141.82
"2018-01-11 05:57:00",13110.18
"2018-01-11 05:58:00",13123.16
"2018-01-11 05:59:00",13123.3
"2018-01-11 06:00:00",13126.5
"2018-01-11 06:01:00",13202.27
"2018-01-11 06:02:00",13260.44
"2018-01-11 06:03:00",13239.49
"2018-01-11 06:04:00",13213.14
"2018-01-11 06:05:00",13165.27
"2018-01-11 06:06:00",13204.33
"2018-01-11 06:07:00",13236.14
"2018-01-11 06:08:00",13312.11
"2018-01-11 06:09:00",13424.14
"2018-01-11 06:10:00",13434.1
"2018-01-11 06:11:00",13465.04
"2018-01-11 06:12:00",13422.95
"2018-01-11 06:13:00",13421.3
"2018-01-11 06:14:00",13427.31
"2018-01-11 06:15:00",13418.15
"2018-01-11 06:16:00",13353.59
"2018-01-11 06:17:00",13385.32
"2018-01-11 06:18:00",13423.35
"2018-01-11 06:19:00",13477.5
"2018-01-11 06:20:00",13517.74
"2018-01-11 06:21:00",13497
"2018-01-11 06:22:00",13492.27
"2018-01-11 06:23:00",13483.65
"2018-01-11 06:24:00",13471.3
"2018-01-11 06:25:00",13473.73
"2018-01-11 06:26:00",13461.19
"2018-01-11 06:27:00",13460.16
"2018-01-11 06:28:00",13443.58
"2018-01-11 06:29:00",13470.34
"2018-01-11 06:30:00",13489.21
"2018-01-11 06:31:00",13498.92
"2018-01-11 06:32:00",13534.55
"2018-01-11 06:33:00",13542.16
"2018-01-11 06:34:00",13518.86
"2018-01-11 06:35:00",13498.55
"2018-01-11 06:36:00",13497.24
"2018-01-11 06:37:00",13509.16
"2018-01-11 06:38:00",13537.21
"2018-01-11 06:39:00",13538.04
"2018-01-11 06:40:00",13540.06
"2018-01-11 06:41:00",13530.19
"2018-01-11 06:42:00",13511.76
"2018-01-11 06:43:00",13531.52
"2018-01-11 06:44:00",13524.59
"2018-01-11 06:45:00",13513.7
"2018-01-11 06:46:00",13515.2
"2018-01-11 06:47:00",13509.28
"2018-01-11 06:48:00",13503.87
"2018-01-11 06:49:00",13482.71
"2018-01-11 06:50:00",13458.55
"2018-01-11 06:51:00",13422.36
"2018-01-11 06:52:00",13404.33
"2018-01-11 06:53:00",13405.73
"2018-01-11 06:54:00",13395.42
"2018-01-11 06:55:00",13437.65
"2018-01-11 06:56:00",13426.5
"2018-01-11 06:57:00",13428.13
"2018-01-11 06:58:00",13420.16
"2018-01-11 06:59:00",13389.86
"2018-01-11 07:00:00",13374.47
"2018-01-11 07:01:00",13346.45
"2018-01-11 07:02:00",13328.61
"2018-01-11 07:03:00",13289.68
"2018-01-11 07:04:00",13273.77
"2018-01-11 07:05:00",13300.37
"2018-01-11 07:06:00",13293.04
"2018-01-11 07:07:00",13277.66
"2018-01-11 07:08:00",13262.22
"2018-01-11 07:09:00",13226.61
"2018-01-11 07:10:00",13217.93
"2018-01-11 07:11:00",13221.94
"2018-01-11 07:12:00",13279.19
"2018-01-11 07:13:00",13293.13
"2018-01-11 07:14:00",13283.75
"2018-01-11 07:15:00",13311.59
"2018-01-11 07:16:00",13346.13
"2018-01-11 07:17:00",13377.51
"2018-01-11 07:18:00",13366.36
"2018-01-11 07:19:00",13342.8
"2018-01-11 07:20:00",13376.57
"2018-01-11 07:21:00",13391
"2018-01-11 07:22:00",13413.07
"2018-01-11 07:23:00",13454.33
"2018-01-11 07:24:00",13502.11
"2018-01-11 07:25:00",13524.37
"2018-01-11 07:26:00",13541.19
"2018-01-11 07:27:00",13577.31
"2018-01-11 07:28:00",13565.58
"2018-01-11 07:29:00",13576.02
"2018-01-11 07:30:00",13615.29
"2018-01-11 07:31:00",13652.49
"2018-01-11 07:32:00",13662.94
"2018-01-11 07:33:00",13624.04
"2018-01-11 07:34:00",13640.34
"2018-01-11 07:35:00",13658.31
"2018-01-11 07:36:00",13633.06
"2018-01-11 07:37:00",13619.23
"2018-01-11 07:38:00",13579.72
"2018-01-11 07:39:00",13572.71
"2018-01-11 07:40:00",13595.55
"2018-01-11 07:41:00",13568.29
"2018-01-11 07:42:00",13553.34
"2018-01-11 07:43:00",13546.04
"2018-01-11 07:44:00",13535.77
"2018-01-11 07:45:00",13547.32
"2018-01-11 07:46:00",13579.28
"2018-01-11 07:47:00",13601.84
"2018-01-11 07:48:00",13594.51
"2018-01-11 07:49:00",13587.5
"2018-01-11 07:50:00",13603.05
"2018-01-11 07:51:00",13623.45
"2018-01-11 07:52:00",13607.23
"2018-01-11 07:53:00",13611.16
"2018-01-11 07:54:00",13564.96
"2018-01-11 07:55:00",13584.88
"2018-01-11 07:56:00",13569.43
"2018-01-11 07:57:00",13580.6
"2018-01-11 07:58:00",13560.19
"2018-01-11 07:59:00",13566.97
"2018-01-11 08:00:00",13592.93
"2018-01-11 08:01:00",13616.88
"2018-01-11 08:02:00",13625.14
"2018-01-11 08:03:00",13636.21
"2018-01-11 08:04:00",13710.68
"2018-01-11 08:05:00",13716.3
"2018-01-11 08:06:00",13721.41
"2018-01-11 08:07:00",13754.55
"2018-01-11 08:08:00",13760.67
"2018-01-11 08:09:00",13763.04
"2018-01-11 08:10:00",13756.67
"2018-01-11 08:11:00",13772.36
"2018-01-11 08:12:00",13789.5
"2018-01-11 08:13:00",13790.67
"2018-01-11 08:14:00",13778.97
"2018-01-11 08:15:00",13727.97
"2018-01-11 08:16:00",13714.57
"2018-01-11 08:17:00",13703.89
"2018-01-11 08:18:00",13717.46
"2018-01-11 08:19:00",13759.02
"2018-01-11 08:20:00",13755.89
"2018-01-11 08:21:00",13764.79
"2018-01-11 08:22:00",13771.09
"2018-01-11 08:23:00",13782.57
"2018-01-11 08:24:00",13789.02
"2018-01-11 08:25:00",13792.04
"2018-01-11 08:26:00",13764.57
"2018-01-11 08:27:00",13720.75
"2018-01-11 08:28:00",13687.2
"2018-01-11 08:29:00",13673.31
"2018-01-11 08:30:00",13710.92
"2018-01-11 08:31:00",13717.73
"2018-01-11 08:32:00",13724.1
"2018-01-11 08:33:00",13740.77
"2018-01-11 08:34:00",13770.04
"2018-01-11 08:35:00",13794.67
"2018-01-11 08:36:00",13808.04
"2018-01-11 08:37:00",13841.85
"2018-01-11 08:38:00",13769.83
"2018-01-11 08:39:00",13841.1
"2018-01-11 08:40:00",13779.04
"2018-01-11 08:41:00",13791.39
"2018-01-11 08:42:00",13799.7
"2018-01-11 08:43:00",13781.01
"2018-01-11 08:44:00",13791.72
"2018-01-11 08:45:00",13812.26
"2018-01-11 08:46:00",13835.54
"2018-01-11 08:47:00",13845.59
"2018-01-11 08:48:00",13818.49
"2018-01-11 08:49:00",13813.84
"2018-01-11 08:50:00",13796.03
"2018-01-11 08:51:00",13794.04
"2018-01-11 08:52:00",13800.29
"2018-01-11 08:53:00",13817.51
"2018-01-11 08:54:00",13792.91
"2018-01-11 08:55:00",13766.25
"2018-01-11 08:56:00",13744.02
"2018-01-11 08:57:00",13746.2
"2018-01-11 08:58:00",13765.38
"2018-01-11 08:59:00",13782.84
"2018-01-11 09:00:00",13764.32
"2018-01-11 09:01:00",13768.58
"2018-01-11 09:02:00",13763.8
"2018-01-11 09:03:00",13765.04
"2018-01-11 09:04:00",13734.94
"2018-01-11 09:05:00",13723.94
"2018-01-11 09:06:00",13713.42
"2018-01-11 09:07:00",13694.39
"2018-01-11 09:08:00",13689.64
"2018-01-11 09:09:00",13696.54
"2018-01-11 09:10:00",13690.72
"2018-01-11 09:11:00",13684.81
"2018-01-11 09:12:00",13654.29
"2018-01-11 09:13:00",13664.25
"2018-01-11 09:14:00",13678.84
"2018-01-11 09:15:00",13688.23
"2018-01-11 09:16:00",13712.58
"2018-01-11 09:17:00",13743.56
"2018-01-11 09:18:00",13703.27
"2018-01-11 09:19:00",13701.56
"2018-01-11 09:20:00",13699.19
"2018-01-11 09:21:00",13699.4
"2018-01-11 09:22:00",13701.75
"2018-01-11 09:23:00",13712.97
"2018-01-11 09:24:00",13731.9
"2018-01-11 09:25:00",13697.21
"2018-01-11 09:26:00",13699.91
"2018-01-11 09:27:00",13706.98
"2018-01-11 09:28:00",13712.2
"2018-01-11 09:29:00",13708.28
"2018-01-11 09:30:00",13695.2
"2018-01-11 09:31:00",13694.99
"2018-01-11 09:32:00",13681.48
"2018-01-11 09:33:00",13647.69
"2018-01-11 09:34:00",13582.75
"2018-01-11 09:35:00",13566.6
"2018-01-11 09:36:00",13584.04
"2018-01-11 09:37:00",13578.25
"2018-01-11 09:38:00",13576.31
"2018-01-11 09:39:00",13585.79
"2018-01-11 09:40:00",13562.27
"2018-01-11 09:41:00",13553.48
"2018-01-11 09:42:00",13566.23
"2018-01-11 09:43:00",13545.42
"2018-01-11 09:44:00",13527.39
"2018-01-11 09:45:00",13523.01
"2018-01-11 09:46:00",13509.42
"2018-01-11 09:47:00",13475.92
"2018-01-11 09:48:00",13440.02
"2018-01-11 09:49:00",13484.2
"2018-01-11 09:50:00",13501.85
"2018-01-11 09:51:00",13535.71
"2018-01-11 09:52:00",13571.43
"2018-01-11 09:53:00",13529.88
"2018-01-11 09:54:00",13559.24
"2018-01-11 09:55:00",13579.84
"2018-01-11 09:56:00",13546.24
"2018-01-11 09:57:00",13509.4
"2018-01-11 09:58:00",13502.54
"2018-01-11 09:59:00",13539.09
"2018-01-11 10:00:00",13558.15
"2018-01-11 10:01:00",13579.33
"2018-01-11 10:02:00",13562.69
"2018-01-11 10:03:00",13580.59
"2018-01-11 10:04:00",13574.66
"2018-01-11 10:05:00",13609.22
"2018-01-11 10:06:00",13615.22
"2018-01-11 10:07:00",13605.52
"2018-01-11 10:08:00",13573.99
"2018-01-11 10:09:00",13549.72
"2018-01-11 10:10:00",13522.08
"2018-01-11 10:11:00",13527.59
"2018-01-11 10:12:00",13529.52
"2018-01-11 10:13:00",13521.65
"2018-01-11 10:14:00",13502.64
"2018-01-11 10:15:00",13483.44
"2018-01-11 10:16:00",13440.48
"2018-01-11 10:17:00",13439.58
"2018-01-11 10:18:00",13440.82
"2018-01-11 10:19:00",13384.58
"2018-01-11 10:20:00",13397.27
"2018-01-11 10:21:00",13426.03
"2018-01-11 10:22:00",13415.72
"2018-01-11 10:23:00",13435.81
"2018-01-11 10:24:00",13470.2
"2018-01-11 10:25:00",13470.73
"2018-01-11 10:26:00",13448.12
"2018-01-11 10:27:00",13416.05
"2018-01-11 10:28:00",13390.14
"2018-01-11 10:29:00",13412.85
"2018-01-11 10:30:00",13424.17
"2018-01-11 10:31:00",13448.12
"2018-01-11 10:32:00",13475.27
"2018-01-11 10:33:00",13497.34
"2018-01-11 10:34:00",13515.94
"2018-01-11 10:35:00",13528.07
"2018-01-11 10:36:00",13541.76
"2018-01-11 10:37:00",13562.54
"2018-01-11 10:38:00",13547.15
"2018-01-11 10:39:00",13533.43
"2018-01-11 10:40:00",13504.01
"2018-01-11 10:41:00",13489.15
"2018-01-11 10:42:00",13462.77
"2018-01-11 10:43:00",13436.72
"2018-01-11 10:44:00",13444.21
"2018-01-11 10:45:00",13447.65
"2018-01-11 10:46:00",13440.78
"2018-01-11 10:47:00",13415.13
"2018-01-11 10:48:00",13416.18
"2018-01-11 10:49:00",13422.09
"2018-01-11 10:50:00",13427.4
"2018-01-11 10:51:00",13438.35
"2018-01-11 10:52:00",13422.05
"2018-01-11 10:53:00",13402.72
"2018-01-11 10:54:00",13353.86
"2018-01-11 10:55:00",13329.75
"2018-01-11 10:56:00",13316.04
"2018-01-11 10:57:00",13292.45
"2018-01-11 10:58:00",13290.67
"2018-01-11 10:59:00",13305.48
"2018-01-11 11:00:00",13310.4
"2018-01-11 11:01:00",13283.89
"2018-01-11 11:02:00",13233
"2018-01-11 11:03:00",13233.59
"2018-01-11 11:04:00",13228.8
"2018-01-11 11:05:00",13236.58
"2018-01-11 11:06:00",13226.39
"2018-01-11 11:07:00",13244.27
"2018-01-11 11:08:00",13251
"2018-01-11 11:09:00",13274.24
"2018-01-11 11:10:00",13331.81
"2018-01-11 11:11:00",13362.67
"2018-01-11 11:12:00",13323.9
"2018-01-11 11:13:00",13308.93
"2018-01-11 11:14:00",13289.68
"2018-01-11 11:15:00",13297.49
"2018-01-11 11:16:00",13327.1
"2018-01-11 11:17:00",13308.41
"2018-01-11 11:18:00",13265.5
"2018-01-11 11:19:00",13239.27
"2018-01-11 11:20:00",13238.26
"2018-01-11 11:21:00",13253.63
"2018-01-11 11:22:00",13256.32
"2018-01-11 11:23:00",13256.36
"2018-01-11 11:24:00",13290.75
"2018-01-11 11:25:00",13279.27
"2018-01-11 11:26:00",13274.95
"2018-01-11 11:27:00",13255.31
"2018-01-11 11:28:00",13267.59
"2018-01-11 11:29:00",13265.9
"2018-01-11 11:30:00",13268.19
"2018-01-11 11:31:00",13258.77
"2018-01-11 11:32:00",13240.45
"2018-01-11 11:33:00",13235.54
"2018-01-11 11:34:00",13226.58
"2018-01-11 11:35:00",13221.21
"2018-01-11 11:36:00",13212.97
"2018-01-11 11:37:00",13214.45
"2018-01-11 11:38:00",13193.09
"2018-01-11 11:39:00",13190.57
"2018-01-11 11:40:00",13188.48
"2018-01-11 11:41:00",13212.68
"2018-01-11 11:42:00",13225.02
"2018-01-11 11:43:00",13239.05
"2018-01-11 11:44:00",13316.11
"2018-01-11 11:45:00",13392.58
"2018-01-11 11:46:00",13390.18
"2018-01-11 11:47:00",13388.3
"2018-01-11 11:48:00",13406.01
"2018-01-11 11:49:00",13431.94
"2018-01-11 11:50:00",13436.78
"2018-01-11 11:51:00",13450.53
"2018-01-11 11:52:00",13449.29
"2018-01-11 11:53:00",13456.11
"2018-01-11 11:54:00",13465.56
"2018-01-11 11:55:00",13471.55
"2018-01-11 11:56:00",13438.55
"2018-01-11 11:57:00",13414.74
"2018-01-11 11:58:00",13427.69
"2018-01-11 11:59:00",13449.15
"2018-01-11 12:00:00",13480.65
"2018-01-11 12:01:00",13466.16
"2018-01-11 12:02:00",13479.09
"2018-01-11 12:03:00",13496.94
"2018-01-11 12:04:00",13541.51
"2018-01-11 12:05:00",13580.45
"2018-01-11 12:06:00",13598.39
"2018-01-11 12:07:00",13600.71
"2018-01-11 12:08:00",13590.7
"2018-01-11 12:09:00",13595.88
"2018-01-11 12:10:00",13598.57
"2018-01-11 12:11:00",13641.19
"2018-01-11 12:12:00",13696.79
"2018-01-11 12:13:00",13714.36
"2018-01-11 12:14:00",13700.16
"2018-01-11 12:15:00",13705.82
"2018-01-11 12:16:00",13762.53
"2018-01-11 12:17:00",13749.1
"2018-01-11 12:18:00",13707.96
"2018-01-11 12:19:00",13716.08
"2018-01-11 12:20:00",13691.83
"2018-01-11 12:21:00",13671.86
"2018-01-11 12:22:00",13677.36
"2018-01-11 12:23:00",13701.74
"2018-01-11 12:24:00",13696.99
"2018-01-11 12:25:00",13689.17
"2018-01-11 12:26:00",13659.27
"2018-01-11 12:27:00",13647.41
"2018-01-11 12:28:00",13659.5
"2018-01-11 12:29:00",13656.1
"2018-01-11 12:30:00",13655.01
"2018-01-11 12:31:00",13652.79
"2018-01-11 12:32:00",13659.8
"2018-01-11 12:33:00",13652.31
"2018-01-11 12:34:00",13669.01
"2018-01-11 12:35:00",13675.09
"2018-01-11 12:36:00",13684.66
"2018-01-11 12:37:00",13696.16
"2018-01-11 12:38:00",13702.36
"2018-01-11 12:39:00",13719.17
"2018-01-11 12:40:00",13719.08
"2018-01-11 12:41:00",13730.48
"2018-01-11 12:42:00",13739.28
"2018-01-11 12:43:00",13738.55
"2018-01-11 12:44:00",13743.43
"2018-01-11 12:45:00",13730.75
"2018-01-11 12:46:00",13699.05
"2018-01-11 12:47:00",13727.57
"2018-01-11 12:48:00",13744.26
"2018-01-11 12:49:00",13771.11
"2018-01-11 12:50:00",13808.45
"2018-01-11 12:51:00",13822.51
"2018-01-11 12:52:00",13836.07
"2018-01-11 12:53:00",13837.63
"2018-01-11 12:54:00",13825.14
"2018-01-11 12:55:00",13832.95